{
  "hash": "d095472d",
  "configHash": "98dd396d",
  "lockfileHash": "45a90fdc",
  "browserHash": "e8a771f9",
  "optimized": {
    "@angular/cdk/scrolling": {
      "src": "../../../../../node_modules/@angular/cdk/fesm2022/scrolling.mjs",
      "file": "@angular_cdk_scrolling.js",
      "fileHash": "e6ca9859",
      "needsInterop": false
    },
    "@angular/common": {
      "src": "../../../../../node_modules/@angular/common/fesm2022/common.mjs",
      "file": "@angular_common.js",
      "fileHash": "ab81287a",
      "needsInterop": false
    },
    "@angular/common/http": {
      "src": "../../../../../node_modules/@angular/common/fesm2022/http.mjs",
      "file": "@angular_common_http.js",
      "fileHash": "0550fa97",
      "needsInterop": false
    },
    "@angular/core": {
      "src": "../../../../../node_modules/@angular/core/fesm2022/core.mjs",
      "file": "@angular_core.js",
      "fileHash": "140b1d6e",
      "needsInterop": false
    },
    "@angular/forms": {
      "src": "../../../../../node_modules/@angular/forms/fesm2022/forms.mjs",
      "file": "@angular_forms.js",
      "fileHash": "76e8343c",
      "needsInterop": false
    },
    "@angular/material/button": {
      "src": "../../../../../node_modules/@angular/material/fesm2022/button.mjs",
      "file": "@angular_material_button.js",
      "fileHash": "f1f9e013",
      "needsInterop": false
    },
    "@angular/material/card": {
      "src": "../../../../../node_modules/@angular/material/fesm2022/card.mjs",
      "file": "@angular_material_card.js",
      "fileHash": "97054c8e",
      "needsInterop": false
    },
    "@angular/material/checkbox": {
      "src": "../../../../../node_modules/@angular/material/fesm2022/checkbox.mjs",
      "file": "@angular_material_checkbox.js",
      "fileHash": "c1c35dda",
      "needsInterop": false
    },
    "@angular/material/core": {
      "src": "../../../../../node_modules/@angular/material/fesm2022/core.mjs",
      "file": "@angular_material_core.js",
      "fileHash": "6b634b00",
      "needsInterop": false
    },
    "@angular/material/datepicker": {
      "src": "../../../../../node_modules/@angular/material/fesm2022/datepicker.mjs",
      "file": "@angular_material_datepicker.js",
      "fileHash": "a23088d3",
      "needsInterop": false
    },
    "@angular/material/dialog": {
      "src": "../../../../../node_modules/@angular/material/fesm2022/dialog.mjs",
      "file": "@angular_material_dialog.js",
      "fileHash": "ad522790",
      "needsInterop": false
    },
    "@angular/material/divider": {
      "src": "../../../../../node_modules/@angular/material/fesm2022/divider.mjs",
      "file": "@angular_material_divider.js",
      "fileHash": "cb741a26",
      "needsInterop": false
    },
    "@angular/material/form-field": {
      "src": "../../../../../node_modules/@angular/material/fesm2022/form-field.mjs",
      "file": "@angular_material_form-field.js",
      "fileHash": "7c9028cd",
      "needsInterop": false
    },
    "@angular/material/grid-list": {
      "src": "../../../../../node_modules/@angular/material/fesm2022/grid-list.mjs",
      "file": "@angular_material_grid-list.js",
      "fileHash": "5aaca84a",
      "needsInterop": false
    },
    "@angular/material/icon": {
      "src": "../../../../../node_modules/@angular/material/fesm2022/icon.mjs",
      "file": "@angular_material_icon.js",
      "fileHash": "89ddc72d",
      "needsInterop": false
    },
    "@angular/material/input": {
      "src": "../../../../../node_modules/@angular/material/fesm2022/input.mjs",
      "file": "@angular_material_input.js",
      "fileHash": "261a08e9",
      "needsInterop": false
    },
    "@angular/material/list": {
      "src": "../../../../../node_modules/@angular/material/fesm2022/list.mjs",
      "file": "@angular_material_list.js",
      "fileHash": "5468d097",
      "needsInterop": false
    },
    "@angular/material/paginator": {
      "src": "../../../../../node_modules/@angular/material/fesm2022/paginator.mjs",
      "file": "@angular_material_paginator.js",
      "fileHash": "dc2bd89c",
      "needsInterop": false
    },
    "@angular/material/select": {
      "src": "../../../../../node_modules/@angular/material/fesm2022/select.mjs",
      "file": "@angular_material_select.js",
      "fileHash": "05e8d010",
      "needsInterop": false
    },
    "@angular/material/sidenav": {
      "src": "../../../../../node_modules/@angular/material/fesm2022/sidenav.mjs",
      "file": "@angular_material_sidenav.js",
      "fileHash": "ad1c6d20",
      "needsInterop": false
    },
    "@angular/material/slide-toggle": {
      "src": "../../../../../node_modules/@angular/material/fesm2022/slide-toggle.mjs",
      "file": "@angular_material_slide-toggle.js",
      "fileHash": "d490a3fc",
      "needsInterop": false
    },
    "@angular/material/slider": {
      "src": "../../../../../node_modules/@angular/material/fesm2022/slider.mjs",
      "file": "@angular_material_slider.js",
      "fileHash": "4886f76c",
      "needsInterop": false
    },
    "@angular/material/snack-bar": {
      "src": "../../../../../node_modules/@angular/material/fesm2022/snack-bar.mjs",
      "file": "@angular_material_snack-bar.js",
      "fileHash": "bb709917",
      "needsInterop": false
    },
    "@angular/material/table": {
      "src": "../../../../../node_modules/@angular/material/fesm2022/table.mjs",
      "file": "@angular_material_table.js",
      "fileHash": "9f79f914",
      "needsInterop": false
    },
    "@angular/platform-browser": {
      "src": "../../../../../node_modules/@angular/platform-browser/fesm2022/platform-browser.mjs",
      "file": "@angular_platform-browser.js",
      "fileHash": "ea956e6a",
      "needsInterop": false
    },
    "@angular/platform-browser/animations/async": {
      "src": "../../../../../node_modules/@angular/platform-browser/fesm2022/animations/async.mjs",
      "file": "@angular_platform-browser_animations_async.js",
      "fileHash": "0771e0e8",
      "needsInterop": false
    },
    "@angular/router": {
      "src": "../../../../../node_modules/@angular/router/fesm2022/router.mjs",
      "file": "@angular_router.js",
      "fileHash": "03c03f3c",
      "needsInterop": false
    },
    "@asymmetrik/ngx-leaflet": {
      "src": "../../../../../node_modules/@asymmetrik/ngx-leaflet/fesm2022/asymmetrik-ngx-leaflet.mjs",
      "file": "@asymmetrik_ngx-leaflet.js",
      "fileHash": "d1908361",
      "needsInterop": false
    },
    "@ng-icons/bootstrap-icons": {
      "src": "../../../../../node_modules/@ng-icons/bootstrap-icons/fesm2022/ng-icons-bootstrap-icons.mjs",
      "file": "@ng-icons_bootstrap-icons.js",
      "fileHash": "70820401",
      "needsInterop": false
    },
    "@ng-icons/core": {
      "src": "../../../../../node_modules/@ng-icons/core/fesm2022/ng-icons-core.mjs",
      "file": "@ng-icons_core.js",
      "fileHash": "fed952b3",
      "needsInterop": false
    },
    "@ng-icons/heroicons/outline": {
      "src": "../../../../../node_modules/@ng-icons/heroicons/fesm2022/ng-icons-heroicons-outline.mjs",
      "file": "@ng-icons_heroicons_outline.js",
      "fileHash": "6a597d0e",
      "needsInterop": false
    },
    "date-fns": {
      "src": "../../../../../node_modules/date-fns/index.mjs",
      "file": "date-fns.js",
      "fileHash": "a3c97272",
      "needsInterop": false
    },
    "leaflet": {
      "src": "../../../../../node_modules/leaflet/dist/leaflet-src.js",
      "file": "leaflet.js",
      "fileHash": "4f9da924",
      "needsInterop": true
    },
    "ngx-spinner": {
      "src": "../../../../../node_modules/ngx-spinner/fesm2022/ngx-spinner.mjs",
      "file": "ngx-spinner.js",
      "fileHash": "d6d1e45c",
      "needsInterop": false
    },
    "rxjs": {
      "src": "../../../../../node_modules/rxjs/dist/esm5/index.js",
      "file": "rxjs.js",
      "fileHash": "2c84cd68",
      "needsInterop": false
    },
    "rxjs/operators": {
      "src": "../../../../../node_modules/rxjs/dist/esm5/operators/index.js",
      "file": "rxjs_operators.js",
      "fileHash": "86fcac8b",
      "needsInterop": false
    }
  },
  "chunks": {
    "browser-6H2Y6JU7": {
      "file": "browser-6H2Y6JU7.js"
    },
    "chunk-V54HQVUX": {
      "file": "chunk-V54HQVUX.js"
    },
    "chunk-D6SGVKBW": {
      "file": "chunk-D6SGVKBW.js"
    },
    "chunk-SVLVPO4L": {
      "file": "chunk-SVLVPO4L.js"
    },
    "chunk-OF2KR6YX": {
      "file": "chunk-OF2KR6YX.js"
    },
    "chunk-MDVT4WFW": {
      "file": "chunk-MDVT4WFW.js"
    },
    "chunk-BZH7AL76": {
      "file": "chunk-BZH7AL76.js"
    },
    "chunk-W2GRTYNQ": {
      "file": "chunk-W2GRTYNQ.js"
    },
    "chunk-55CG5UA3": {
      "file": "chunk-55CG5UA3.js"
    },
    "chunk-R7SNY3WF": {
      "file": "chunk-R7SNY3WF.js"
    },
    "chunk-MZH4QB5R": {
      "file": "chunk-MZH4QB5R.js"
    },
    "chunk-KXUIT7MX": {
      "file": "chunk-KXUIT7MX.js"
    },
    "chunk-JEZVLMJV": {
      "file": "chunk-JEZVLMJV.js"
    },
    "chunk-ZJWGIQTE": {
      "file": "chunk-ZJWGIQTE.js"
    },
    "chunk-SWOKGVAF": {
      "file": "chunk-SWOKGVAF.js"
    },
    "chunk-MI7IDKF3": {
      "file": "chunk-MI7IDKF3.js"
    },
    "chunk-UANYWW5J": {
      "file": "chunk-UANYWW5J.js"
    },
    "chunk-3Q7TKPWY": {
      "file": "chunk-3Q7TKPWY.js"
    },
    "chunk-SG3BCSKH": {
      "file": "chunk-SG3BCSKH.js"
    },
    "chunk-SAVXX6OM": {
      "file": "chunk-SAVXX6OM.js"
    },
    "chunk-PQ7O3X3G": {
      "file": "chunk-PQ7O3X3G.js"
    },
    "chunk-ASLTLD6L": {
      "file": "chunk-ASLTLD6L.js"
    }
  }
}